msisdn,customer_name,subscription_type,rate_plan_id,activation_date,status,region,is_student
+212226868112,Abdellatif Benali 219A3,postpaid,3,2020-10-05,active,rural,Yes
+212766926258,Abdellatif Benali 86EF2,postpaid,6,2023-07-31,active,urban,No
+212083999896,Abdellatif Benali 9E4DC,postpaid,2,2023-12-02,active,urban,No
+212446145931,Abdellatif Berrada 1C1DC,postpaid,2,2024-11-12,active,urban,No
+212564666215,Abdellatif Berrada 9EFFD,postpaid,4,2021-09-17,active,urban,Yes
+212055865795,Abdellatif Cherkaoui C18BE,postpaid,6,2020-08-03,active,urban,Yes
+212209237431,Abdellatif Cherkaoui CFEC4,postpaid,2,2024-08-20,suspended,rural,No
+212525690697,Abdellatif Cherkaoui E6602,postpaid,3,2020-11-23,active,urban,No
+212978146745,Abdellatif Chraibi 3021F,postpaid,2,2021-06-10,active,urban,No
+212517934877,Abdellatif Chraibi 97562,postpaid,2,2022-04-11,active,rural,No
+212899074611,Abdellatif Chraibi E29A0,postpaid,1,2021-12-03,active,urban,No
+212182679490,Abdellatif Chraibi F2437,postpaid,2,2023-08-22,active,rural,No
+212758255392,Abdellatif El Alami 72193,postpaid,1,2024-10-20,active,rural,No
+212343133610,Abdellatif El Alami B7CF1,postpaid,3,2022-10-19,active,urban,No
+212788879642,Abdellatif Ghazi A82BF,postpaid,2,2022-04-25,active,urban,Yes
+212542328188,Abdellatif Hassani 0A54C,postpaid,2,2024-06-30,active,urban,No
+212926069006,Abdellatif Idrissi D6C15,postpaid,3,2020-07-30,active,urban,No
+212111406116,Abdellatif Kabbaj A2636,postpaid,1,2022-01-05,active,urban,Yes
+212100866563,Abdellatif Kabbaj CA619,postpaid,3,2021-12-23,suspended,rural,Yes
+212039612529,Abdellatif Kettani 01185,postpaid,2,2024-01-29,active,rural,No
+212929768028,Abdellatif Lamrani 96505,postpaid,2,2023-12-13,active,urban,No
+212758952201,Abdellatif Naciri F3BC8,postpaid,6,2021-04-21,active,urban,No
+212285960815,Abdellatif Ouali B01A6,postpaid,2,2023-01-15,active,urban,No
+212031717951,Abdellatif Ouali C3F33,postpaid,1,2023-07-22,active,rural,No
+212703194817,Abdellatif Rhazi 7C61C,postpaid,1,2022-02-14,active,rural,No
+212903236955,Abdellatif Squalli A39D8,postpaid,2,2021-12-31,active,rural,Yes
+212740925892,Abdellatif Squalli A6EB5,postpaid,1,2020-10-29,active,urban,Yes
+212862379572,Abdellatif Tazi 17185,postpaid,3,2024-07-24,active,urban,No
+212985252338,Abdellatif Wahabi 54A5A,postpaid,1,2021-09-19,active,urban,No
+212259763669,Abdellatif Yacoubi 3296E,postpaid,3,2021-09-23,active,urban,No
+212460037419,Abdellatif Ziani 0241E,postpaid,5,2025-02-03,active,urban,No
+212615933277,Abdellatif Ziani 4BA0D,postpaid,1,2024-07-07,active,rural,No
+212756041009,Abderrahim Alaoui 9B0EE,postpaid,2,2023-11-14,active,rural,No
+212766882539,Abderrahim Benali D250F,postpaid,5,2021-03-11,active,rural,No
+212416127668,Abderrahim Berrada 0E201,postpaid,6,2021-07-05,active,urban,No
+212670190219,Abderrahim Berrada 84935,postpaid,1,2025-05-26,active,urban,No
+212869813188,Abderrahim Cherkaoui 7F0B4,postpaid,1,2024-02-28,active,rural,No
+212048967904,Abderrahim Cherkaoui C8867,postpaid,3,2020-11-21,active,urban,No
+212664448137,Abderrahim Cherkaoui FAA10,postpaid,3,2024-06-08,active,urban,No
+212664428114,Abderrahim Chraibi 3A00F,postpaid,1,2025-04-07,active,urban,Yes
+212913319677,Abderrahim Chraibi C5B91,postpaid,2,2024-06-16,active,urban,No
+212098198578,Abderrahim Douiri 3E8AB,postpaid,3,2020-08-23,active,urban,No
+212588467068,Abderrahim Douiri EBE68,postpaid,3,2023-03-30,suspended,urban,No
+212029448780,Abderrahim El Fassi CE258,postpaid,1,2021-07-21,active,urban,No
+212810017151,Abderrahim Hassani F9AFC,postpaid,3,2023-09-17,active,urban,No
+212661807375,Abderrahim Idrissi 0727F,postpaid,2,2022-07-08,active,urban,No
+212426853204,Abderrahim Idrissi 10588,postpaid,2,2022-06-12,active,rural,No
+212154314403,Abderrahim Idrissi 5E615,postpaid,6,2021-11-07,active,rural,No
+212989304806,Abderrahim Jebari 17556,postpaid,1,2023-09-16,active,rural,No
+212182559067,Abderrahim Jebari 7BE44,postpaid,4,2024-03-03,active,urban,No
+212207534165,Abderrahim Kabbaj 1F63E,postpaid,1,2022-02-09,active,rural,No
+212017524338,Abderrahim Mansouri 350A5,postpaid,5,2021-06-19,active,rural,No
+212599154826,Abderrahim Naciri 8D45F,postpaid,3,2023-03-16,active,rural,No
+212227084109,Abderrahim Ouali 125BA,postpaid,3,2022-06-12,active,urban,Yes
+212798880456,Abderrahim Rhazi 5FC01,postpaid,3,2023-06-07,active,rural,No
+212653690494,Abderrahim Squalli 60945,postpaid,2,2024-12-04,active,urban,No
+212513507825,Abderrahim Tazi DBE11,postpaid,1,2024-03-22,active,urban,No
+212300308935,Abderrahim Tazi F2688,postpaid,4,2020-08-04,active,urban,No
+212901419897,Abderrahim Wahabi 85CD5,postpaid,4,2023-07-05,active,rural,No
+212568214570,Abderrahim Wahabi D288D,postpaid,1,2020-07-29,active,urban,No
+212982213516,Abderrahim Yacoubi BE721,postpaid,2,2023-11-22,suspended,urban,No
+212548250932,Ahmed Alaoui 92637,postpaid,6,2022-08-03,active,urban,No
+212935952548,Ahmed Alaoui CADAB,postpaid,6,2024-02-28,active,rural,No
+212230004427,Ahmed Berrada 09DE8,postpaid,2,2022-11-04,active,rural,Yes
+212079307016,Ahmed Cherkaoui 2A7F1,postpaid,3,2023-08-29,active,rural,No
+212563103375,Ahmed Cherkaoui F33AE,postpaid,2,2024-03-06,active,urban,Yes
+212941789050,Ahmed Cherkaoui FE538,postpaid,2,2023-04-18,active,rural,No
+212491752887,Ahmed Douiri 3B065,postpaid,2,2023-05-18,active,urban,Yes
+212012694993,Ahmed Douiri 7B50C,postpaid,6,2025-04-07,active,urban,Yes
+212210450556,Ahmed Douiri A2542,postpaid,5,2023-01-12,active,urban,No
+212982188765,Ahmed El Alami 48FC0,postpaid,2,2021-08-29,active,urban,No
+212082732609,Ahmed Filali 2CA91,postpaid,3,2023-12-13,suspended,urban,No
+212432446684,Ahmed Filali 92DA0,postpaid,5,2023-01-03,active,rural,No
+212700188587,Ahmed Hamdi CE6E8,postpaid,3,2024-07-08,active,urban,Yes
+212689195347,Ahmed Hamdi F9195,postpaid,1,2021-05-06,active,urban,No
+212120123552,Ahmed Iraqi 7E0FB,postpaid,6,2024-11-09,active,urban,No
+212589887305,Ahmed Jamal 26DCD,postpaid,3,2023-08-18,active,urban,No
+212494011357,Ahmed Mansouri 49D1E,postpaid,2,2024-06-05,active,urban,Yes
+212509680250,Ahmed Naciri 66444,postpaid,3,2021-04-22,active,rural,Yes
+212199077472,Ahmed Naciri B5358,postpaid,4,2024-07-24,active,urban,No
+212732959539,Ahmed Naciri D7D34,postpaid,1,2021-07-27,active,urban,No
+212809009873,Ahmed Naciri FD7C2,postpaid,2,2024-05-29,active,urban,No
+212491125287,Ahmed Rhazi C9FC2,postpaid,6,2024-07-14,active,urban,No
+212809428950,Ahmed Usmani 1C567,postpaid,2,2020-07-13,active,rural,No
+212872236981,Ahmed Usmani 7883B,postpaid,1,2023-04-29,active,urban,No
+212784565001,Ahmed Wahabi 29B31,postpaid,2,2024-05-24,active,urban,No
+212976528449,Ahmed Wahabi E33E7,postpaid,2,2022-02-25,active,rural,No
+212893048689,Ahmed Ziani 32DCD,postpaid,4,2025-02-04,active,rural,No
+212389445411,Aicha Alaoui FED06,postpaid,2,2024-12-17,active,urban,No
+212509426368,Aicha Amrani 9B1D7,postpaid,1,2021-12-13,active,rural,Yes
+212825997200,Aicha Benali 00683,postpaid,3,2023-05-24,active,rural,No
+212590695399,Aicha Berrada 00256,postpaid,1,2021-02-14,active,urban,No
+212676769789,Aicha Berrada 97A83,postpaid,3,2023-02-14,active,rural,No
+212066979332,Aicha Berrada B3C6F,postpaid,4,2020-08-24,active,urban,No
+212710485063,Aicha Berrada D9E1B,postpaid,2,2024-07-15,active,urban,Yes
+212892150448,Aicha Cherkaoui FCF17,postpaid,1,2021-09-30,active,urban,No
+212802898141,Aicha Chraibi 16184,postpaid,6,2024-09-28,active,urban,Yes
+212576165611,Aicha Douiri CB4FE,postpaid,6,2021-02-23,active,urban,No
+212422340867,Aicha El Alami 023AF,postpaid,4,2021-06-13,active,urban,No
+212901087502,Aicha El Alami 0C264,postpaid,6,2023-09-20,suspended,urban,No
+212440927776,Aicha El Alami C3613,postpaid,6,2022-03-23,active,rural,No
+212573039690,Aicha El Alami CF744,postpaid,5,2022-07-12,active,urban,Yes
+212953935203,Aicha El Fassi 2352B,postpaid,1,2021-10-05,active,urban,No
+212426251701,Aicha Filali 00FA3,postpaid,3,2020-09-17,active,urban,No
+212151619164,Aicha Hassani EC88E,postpaid,3,2020-11-22,active,rural,No
+212104192265,Aicha Iraqi 03624,postpaid,4,2024-03-12,active,urban,No
+212704678682,Aicha Iraqi FA99D,postpaid,3,2021-07-03,active,rural,Yes
+212238257337,Aicha Jamal BD835,postpaid,4,2024-04-08,active,urban,No
+212888436012,Aicha Jamal FC0EA,postpaid,4,2025-02-17,active,rural,No
+212718780788,Aicha Kabbaj 17B8E,postpaid,1,2025-01-06,active,urban,No
+212622336434,Aicha Kabbaj 1A928,postpaid,1,2023-08-17,active,urban,Yes
+212855101785,Aicha Kabbaj 4C8FF,postpaid,4,2024-06-26,active,urban,No
+212620600217,Aicha Lamrani 783B1,postpaid,3,2022-07-25,active,rural,No
+212665421746,Aicha Lamrani EA39C,postpaid,3,2022-07-12,active,urban,Yes
+212612243243,Aicha Naciri 55263,postpaid,3,2021-10-03,active,urban,No
+212339862080,Aicha Naciri D6824,postpaid,1,2024-08-21,active,urban,No
+212392436114,Aicha Qadiri CA21B,postpaid,4,2024-12-31,active,urban,No
+212058727250,Aicha Rhazi EB23B,postpaid,3,2022-07-19,active,urban,No
+212302914255,Aicha Tazi 412D7,postpaid,1,2020-07-06,active,rural,Yes
+212856138085,Aicha Tazi DA994,postpaid,2,2020-08-19,active,urban,No
+212488854897,Aicha Wahabi EC616,postpaid,5,2021-11-21,active,rural,No
+212736241687,Aicha Ziani 5D617,postpaid,6,2021-02-15,active,urban,No
+212417890107,Amina Alaoui 4F1F4,postpaid,2,2025-01-28,active,rural,No
+212729561277,Amina Amrani 58CDE,postpaid,4,2021-08-15,active,rural,No
+212613612074,Amina Amrani A4418,postpaid,5,2023-02-08,active,rural,No
+212376392478,Amina Benali 7E428,postpaid,2,2021-05-13,active,urban,No
+212194396056,Amina Berrada 1B073,postpaid,1,2024-12-06,active,urban,No
+212002047934,Amina Berrada 46165,postpaid,1,2024-09-29,active,urban,No
+212830851082,Amina Berrada E4508,postpaid,6,2021-01-06,active,urban,No
+212026963831,Amina El Alami 322D9,postpaid,6,2025-01-29,active,urban,No
+212060187356,Amina El Alami BF509,postpaid,3,2024-10-23,active,rural,No
+212838342102,Amina El Fassi 47510,postpaid,3,2022-03-21,suspended,urban,Yes
+212940432090,Amina El Fassi 4CB04,postpaid,2,2025-01-31,active,rural,No
+212826606481,Amina El Fassi 6945D,postpaid,1,2021-03-08,active,rural,No
+212594007032,Amina El Fassi E2244,postpaid,3,2020-11-08,active,rural,No
+212272359725,Amina Filali 77300,postpaid,3,2020-07-09,active,urban,No
+212411495263,Amina Ghazi BAD90,postpaid,3,2023-04-29,active,rural,No
+212611302757,Amina Hamdi C7FB7,postpaid,2,2023-12-15,active,urban,No
+212681657196,Amina Hassani 54E2D,postpaid,2,2024-12-22,active,urban,No
+212717698380,Amina Idrissi 858E4,postpaid,1,2022-12-05,active,urban,No
+212279622645,Amina Idrissi B8818,postpaid,3,2023-10-12,active,urban,No
+212833740575,Amina Iraqi 20CB8,postpaid,1,2021-10-09,active,rural,No
+212495484290,Amina Jebari E55DF,postpaid,2,2022-08-01,active,urban,No
+212623001232,Amina Kabbaj D128B,postpaid,2,2020-12-14,active,urban,No
+212249054236,Amina Mansouri CEB21,postpaid,3,2023-12-18,active,rural,No
+212765804916,Amina Naciri DC513,postpaid,1,2023-11-17,active,rural,No
+212585692638,Amina Ouali 3B79F,postpaid,1,2024-10-24,active,rural,No
+212660527335,Amina Qadiri 82C0F,postpaid,3,2024-08-03,active,rural,No
+212768387351,Amina Rhazi 8B6C7,postpaid,3,2025-01-03,active,urban,No
+212220833137,Amina Squalli 74D40,postpaid,5,2022-06-27,active,urban,No
+212221934837,Amina Tazi 982AD,postpaid,6,2020-07-04,active,urban,No
+212648252919,Amina Usmani 50B11,postpaid,3,2022-04-26,active,rural,No
+212332860664,Amina Wahabi 5149B,postpaid,5,2021-07-22,active,urban,No
+212399384384,Amina Wahabi CAE53,postpaid,3,2024-07-03,suspended,urban,No
+212084959769,Amina Wahabi F7ABE,postpaid,3,2024-09-09,active,urban,No
+212656896793,Amina Yacoubi 49793,postpaid,2,2025-06-05,active,rural,No
+212844794057,Aziz Alaoui 26A3F,postpaid,3,2024-01-25,active,rural,No
+212903048014,Aziz Alaoui 34C2B,postpaid,2,2025-01-23,active,urban,No
+212376722136,Aziz Amrani 1EACF,postpaid,2,2020-06-14,active,urban,Yes
+212606002882,Aziz Amrani 92BCA,postpaid,3,2025-03-30,active,urban,No
+212695143322,Aziz Benali 7FC7B,postpaid,3,2020-11-08,active,urban,No
+212418620228,Aziz Benali CBEBB,postpaid,5,2023-10-25,active,rural,Yes
+212682661330,Aziz Benali D900D,postpaid,5,2021-05-07,active,urban,Yes
+212794531997,Aziz Benali DC6FA,postpaid,2,2022-02-19,active,urban,Yes
+212292942692,Aziz Cherkaoui 0B01B,postpaid,4,2022-11-06,active,urban,No
+212202881500,Aziz Cherkaoui 5A60D,postpaid,3,2024-11-21,active,urban,No
+212374957281,Aziz Cherkaoui 8FBE4,postpaid,1,2025-04-10,active,urban,No
+212370152982,Aziz Chraibi D5C74,postpaid,1,2022-09-14,suspended,rural,No
+212823640044,Aziz El Fassi 91EB1,postpaid,6,2024-10-28,active,rural,No
+212756605886,Aziz El Fassi C3D81,postpaid,2,2024-09-03,active,rural,Yes
+212510303206,Aziz Hamdi 2A1BF,postpaid,1,2023-07-06,active,urban,No
+212195483012,Aziz Hamdi C326B,postpaid,2,2021-06-26,active,rural,No
+212583488856,Aziz Hassani 69667,postpaid,3,2022-04-20,active,urban,No
+212297980301,Aziz Iraqi 319FB,postpaid,1,2023-02-28,active,urban,No
+212105394228,Aziz Jamal 5E3DD,postpaid,1,2021-11-01,active,urban,No
+212640756514,Aziz Jebari 4A2D2,postpaid,1,2022-10-07,active,urban,No
+212409549970,Aziz Jebari 8C056,postpaid,1,2020-11-21,active,urban,No
+212698159141,Aziz Kettani 19575,postpaid,3,2022-08-10,active,urban,No
+212729748230,Aziz Kettani 32A5A,postpaid,4,2023-10-21,active,urban,No
+212188318251,Aziz Kettani 59034,postpaid,3,2020-07-05,suspended,rural,Yes
+212110136747,Aziz Naciri 35CBC,postpaid,2,2023-02-23,active,urban,No
+212241796387,Aziz Qadiri 52F57,postpaid,3,2022-02-11,suspended,urban,No
+212725723676,Aziz Rhazi 32B30,postpaid,2,2025-05-11,active,rural,No
+212085604773,Aziz Rhazi FBD5F,postpaid,4,2021-09-04,active,urban,Yes
+212242745040,Aziz Squalli 56BA8,postpaid,3,2025-06-08,active,urban,No
+212116758431,Aziz Ziani 92385,postpaid,3,2023-09-23,active,urban,No
+212882870318,Brahim Alaoui 41BD2,postpaid,3,2023-12-03,active,urban,No
+212199454979,Brahim Amrani 04C05,postpaid,2,2024-04-14,active,rural,No
+212855518925,Brahim Amrani 7AD5D,postpaid,3,2021-04-07,active,urban,Yes
+212810682539,Brahim Benali 26FDC,postpaid,3,2021-10-16,active,urban,No
+212413827169,Brahim Berrada 5E9C4,postpaid,1,2021-02-22,active,rural,No
+212802980344,Brahim Berrada 6258C,postpaid,1,2022-08-11,active,rural,No
+212815301466,Brahim Chraibi 55A08,postpaid,1,2020-07-18,active,urban,No
+212418091779,Brahim Douiri 377F2,postpaid,6,2022-12-29,active,rural,No
+212907820288,Brahim Douiri 64C7C,postpaid,1,2022-10-26,active,urban,No
+212136865003,Brahim El Alami 12E57,postpaid,1,2024-05-01,active,urban,No
+212290505554,Brahim El Alami 7CC31,postpaid,3,2022-05-02,suspended,urban,No
+212251009946,Brahim El Alami B0C8D,postpaid,5,2022-01-08,suspended,rural,No
+212697087566,Brahim El Alami E8565,postpaid,3,2021-03-21,active,urban,Yes
+212320490987,Brahim El Fassi 7E353,postpaid,2,2021-06-16,active,rural,No
+212297868440,Brahim Filali 6919E,postpaid,3,2020-08-10,active,rural,No
+212364970104,Brahim Filali B0C4F,postpaid,3,2022-04-22,active,urban,No
+212785112085,Brahim Hamdi 8A58B,postpaid,3,2023-10-15,active,rural,No
+212147898116,Brahim Hamdi F7E15,postpaid,6,2022-10-14,active,rural,No
+212035180868,Brahim Hassani 46D31,postpaid,2,2020-12-01,active,urban,No
+212170786244,Brahim Idrissi 95BF2,postpaid,2,2020-08-18,suspended,rural,Yes
+212468712272,Brahim Idrissi A1668,postpaid,1,2024-09-06,active,urban,No
+212497631983,Brahim Iraqi 0DD6E,postpaid,1,2025-05-13,active,urban,No
+212649229195,Brahim Jamal 3673E,postpaid,3,2024-10-24,active,urban,No
+212596191445,Brahim Jamal C81B7,postpaid,6,2023-05-20,active,urban,No
+212989212231,Brahim Kabbaj 72689,postpaid,2,2025-01-26,active,rural,No
+212519673780,Brahim Mansouri AA84B,postpaid,2,2022-12-22,active,urban,Yes
+212410148649,Brahim Mansouri F5939,postpaid,6,2023-06-19,active,rural,No
+212128191267,Brahim Naciri A4E5E,postpaid,6,2021-09-16,active,urban,Yes
+212442129779,Brahim Ouali 79325,postpaid,1,2023-09-28,active,rural,Yes
+212891906116,Brahim Rhazi 58E13,postpaid,3,2022-02-04,active,rural,No
+212409460844,Brahim Squalli 48959,postpaid,1,2020-12-17,suspended,urban,No
+212591435736,Brahim Squalli 535AF,postpaid,3,2024-11-11,active,urban,No
+212710749858,Brahim Squalli 5FF01,postpaid,6,2023-12-29,active,rural,No
+212712812640,Brahim Tazi BCF88,postpaid,1,2020-12-04,active,rural,Yes
+212740789773,Brahim Tazi DC9FB,postpaid,5,2022-08-25,active,rural,No
+212939319428,Brahim Usmani F77E0,postpaid,1,2022-01-03,active,urban,No
+212587438493,Brahim Wahabi 48137,postpaid,3,2022-05-09,active,rural,Yes
+212765927076,Brahim Wahabi 4CF30,postpaid,5,2023-05-07,active,urban,No
+212687677415,Brahim Yacoubi 885B1,postpaid,4,2023-12-28,active,urban,No
+212102906533,Brahim Ziani 1C801,postpaid,2,2021-09-30,active,rural,No
+212682653216,Brahim Ziani 60A3B,postpaid,2,2023-02-04,active,urban,Yes
+212642481072,Brahim Ziani C6462,postpaid,1,2021-06-04,active,urban,No
+212615047872,Brahim Ziani E7C5F,postpaid,3,2024-07-15,active,urban,No
+212043135818,Driss Amrani 00476,postpaid,1,2023-12-26,active,urban,No
+212872141149,Driss Berrada 1DE35,postpaid,6,2025-05-11,active,rural,No
+212300717946,Driss Berrada BE61F,postpaid,1,2022-07-05,active,urban,No
+212716226408,Driss Cherkaoui 957C1,postpaid,1,2021-10-19,active,rural,No
+212968489318,Driss Cherkaoui E7A79,postpaid,3,2024-07-02,active,urban,No
+212926968790,Driss Chraibi 9BE5C,postpaid,6,2021-08-28,active,urban,No
+212934830011,Driss Douiri 1648B,postpaid,3,2020-12-01,active,rural,Yes
+212596083435,Driss Douiri EF583,postpaid,3,2023-12-10,suspended,rural,Yes
+212243833203,Driss El Alami 9AE82,postpaid,3,2023-06-18,active,urban,No
+212418809910,Driss El Fassi 403F4,postpaid,1,2020-09-20,active,urban,No
+212762951562,Driss Filali 1181F,postpaid,6,2021-10-08,active,rural,No
+212601171041,Driss Filali 9341C,postpaid,4,2024-06-27,active,urban,No
+212084686511,Driss Ghazi 2E6F9,postpaid,4,2021-10-19,active,rural,No
+212707576333,Driss Ghazi 8D62F,postpaid,4,2023-07-19,suspended,urban,Yes
+212359583122,Driss Idrissi 5A426,postpaid,2,2022-11-03,suspended,urban,No
+212377830923,Driss Iraqi 601FB,postpaid,3,2023-04-15,active,urban,No
+212418823874,Driss Iraqi F20B4,postpaid,6,2024-03-01,active,urban,No
+212265664959,Driss Jamal 32A6A,postpaid,3,2024-02-28,active,urban,No
+212682078035,Driss Jebari 69E07,postpaid,2,2025-01-24,active,urban,No
+212398789940,Driss Jebari DF998,postpaid,3,2022-06-05,active,urban,No
+212878092435,Driss Jebari F60D7,postpaid,1,2020-08-11,active,urban,No
+212884791516,Driss Kabbaj 00240,postpaid,3,2022-05-10,active,urban,No
+212877549247,Driss Kettani 51399,postpaid,2,2021-10-19,active,urban,No
+212797790851,Driss Naciri 30593,postpaid,1,2023-11-08,active,rural,No
+212800291044,Driss Naciri 546CA,postpaid,5,2021-09-13,active,rural,No
+212667831233,Driss Ouali 3942E,postpaid,3,2022-09-09,active,rural,No
+212788295973,Driss Ouali 7EC19,postpaid,1,2022-09-18,active,urban,No
+212129571112,Driss Qadiri 0686B,postpaid,2,2021-05-21,active,urban,No
+212905173883,Driss Qadiri 1A938,postpaid,2,2024-05-05,active,urban,No
+212075972974,Driss Qadiri DFFED,postpaid,3,2024-03-04,active,urban,No
+212992178128,Driss Rhazi B7915,postpaid,3,2023-03-06,active,urban,No
+212922298060,Driss Rhazi E3A51,postpaid,6,2021-06-22,active,urban,No
+212653528368,Driss Squalli 60AE2,postpaid,2,2025-01-16,active,urban,No
+212996731632,Driss Squalli 61D2D,postpaid,1,2023-12-21,active,rural,Yes
+212730756170,Driss Tazi 7C20D,postpaid,3,2023-01-22,active,rural,No
+212364827885,Driss Usmani 004E3,postpaid,3,2020-12-07,suspended,urban,No
+212469789325,Driss Usmani F6EC0,postpaid,3,2023-05-07,active,rural,No
+212526224773,Driss Yacoubi D1FD7,postpaid,2,2024-11-02,active,rural,No
+212515212523,Fatima Alaoui 27627,postpaid,1,2023-06-01,active,urban,Yes
+212354173381,Fatima Amrani C4153,postpaid,3,2021-07-09,active,urban,No
+212807625698,Fatima Benali 854E4,postpaid,2,2021-03-13,active,urban,No
+212055488039,Fatima Cherkaoui FA42C,postpaid,3,2024-08-20,active,urban,No
+212287104741,Fatima Douiri F1FDF,postpaid,2,2023-10-28,active,urban,Yes
+212326126404,Fatima El Alami 9D2FC,postpaid,5,2024-05-19,active,urban,No
+212789612693,Fatima El Alami B19F1,postpaid,1,2021-04-03,active,rural,Yes
+212795286367,Fatima El Fassi F2358,postpaid,3,2023-07-19,active,rural,No
+212256304815,Fatima Filali CFE33,postpaid,5,2022-11-25,active,rural,No
+212169990412,Fatima Hamdi 7EEAC,postpaid,3,2025-04-13,active,rural,Yes
+212284575554,Fatima Hassani 34379,postpaid,1,2025-02-11,active,urban,No
+212665295317,Fatima Idrissi 50B60,postpaid,1,2024-11-29,active,urban,No
+212218276951,Fatima Jamal 51BC3,postpaid,3,2020-08-10,active,urban,No
+212922824907,Fatima Jebari 50819,postpaid,2,2024-11-28,active,urban,No
+212894905184,Fatima Jebari D7432,postpaid,2,2020-11-10,active,rural,No
+212968379161,Fatima Kabbaj EA95D,postpaid,2,2025-03-09,active,urban,No
+212712030578,Fatima Kabbaj ECA67,postpaid,1,2024-10-30,active,urban,No
+212759343951,Fatima Kettani E79FD,postpaid,1,2023-03-19,active,rural,Yes
+212462279538,Fatima Mansouri 8F6C5,postpaid,3,2023-08-19,active,rural,No
+212468691873,Fatima Naciri CEAD4,postpaid,6,2021-02-11,active,urban,No
+212631181390,Fatima Naciri EC1F2,postpaid,3,2022-04-01,active,urban,Yes
+212317152118,Fatima Ouali 1A366,postpaid,3,2024-02-29,active,urban,No
+212065016205,Fatima Rhazi 5CC7B,postpaid,2,2021-12-01,active,urban,No
+212727037395,Fatima Rhazi 61045,postpaid,3,2023-04-05,active,urban,No
+212201633995,Fatima Squalli 75FD8,postpaid,6,2022-04-15,active,urban,No
+212135841784,Fatima Squalli B1935,postpaid,3,2024-08-22,active,urban,No
+212581403540,Fatima Tazi 58266,postpaid,1,2020-10-22,active,urban,No
+212891966634,Fatima Tazi E9DA9,postpaid,2,2022-02-05,active,urban,No
+212172541538,Fatima Yacoubi 94E99,postpaid,6,2021-01-24,active,urban,No
+212900132600,Fatima Yacoubi E535F,postpaid,2,2022-12-02,active,urban,No
+212162378566,Fatima Ziani 33F9F,postpaid,3,2020-08-27,active,rural,Yes
+212102088371,Fatima Ziani AB515,postpaid,3,2025-04-13,active,urban,No
+212782797286,Fatima Ziani D1C7F,postpaid,1,2023-11-08,active,urban,No
+212921954759,Hassan Alaoui 5E62D,postpaid,1,2024-07-03,active,urban,No
+212324590773,Hassan Berrada 12D52,postpaid,4,2025-02-06,active,rural,No
+212195018898,Hassan Cherkaoui AC82D,postpaid,3,2022-02-11,suspended,urban,No
+212888016652,Hassan Chraibi 9E29A,postpaid,1,2025-03-20,active,urban,No
+212013683989,Hassan Douiri 3B38A,postpaid,2,2021-03-05,active,urban,Yes
+212067490891,Hassan Douiri 3CE2C,postpaid,3,2020-06-11,active,urban,No
+212572114327,Hassan El Fassi 4E926,postpaid,1,2025-01-23,active,urban,No
+212085068686,Hassan Filali A914C,postpaid,1,2021-02-03,suspended,rural,Yes
+212084096770,Hassan Ghazi B3E2E,postpaid,3,2021-03-05,active,rural,No
+212554459460,Hassan Ghazi D997D,postpaid,2,2024-01-09,active,rural,Yes
+212062044713,Hassan Hamdi 7D4A2,postpaid,3,2023-07-19,active,urban,No
+212075672764,Hassan Hamdi B8E6B,postpaid,1,2020-06-29,active,urban,No
+212537604484,Hassan Hamdi C33BF,postpaid,2,2020-08-24,active,rural,No
+212388845680,Hassan Hassani 1F6C7,postpaid,2,2024-07-14,active,urban,No
+212571333264,Hassan Hassani B3BAC,postpaid,3,2023-06-02,active,rural,Yes
+212367892017,Hassan Iraqi 41404,postpaid,2,2022-12-16,active,urban,No
+212400550834,Hassan Iraqi D2520,postpaid,3,2023-09-26,active,urban,No
+212122201710,Hassan Jebari 0952A,postpaid,1,2023-07-04,active,urban,No
+212436658300,Hassan Jebari 115CD,postpaid,4,2025-01-04,active,urban,No
+212366724507,Hassan Kettani 029C5,postpaid,3,2024-10-02,active,urban,No
+212480885799,Hassan Kettani F72EF,postpaid,2,2020-10-14,active,urban,No
+212597373318,Hassan Lamrani 45669,postpaid,3,2021-06-23,active,urban,No
+212301053737,Hassan Lamrani 52586,postpaid,2,2020-12-30,active,urban,No
+212267622829,Hassan Naciri AA5A0,postpaid,5,2022-01-16,active,urban,No
+212086314039,Hassan Naciri E8762,postpaid,1,2023-11-14,active,rural,No
+212326946128,Hassan Ouali 12749,postpaid,1,2024-04-06,active,rural,No
+212028194369,Hassan Ouali AFB49,postpaid,1,2022-05-23,active,urban,No
+212105533624,Hassan Ouali BDD4A,postpaid,1,2023-03-01,active,urban,No
+212777738300,Hassan Ouali BF502,postpaid,5,2023-01-30,active,rural,No
+212400892358,Hassan Ouali DFE61,postpaid,2,2024-07-18,active,urban,No
+212394817443,Hassan Qadiri B3671,postpaid,1,2022-09-18,active,rural,No
+212820927906,Hassan Rhazi 161A9,postpaid,2,2025-02-25,active,rural,No
+212113697650,Hassan Rhazi 7F508,postpaid,1,2023-03-11,active,urban,No
+212375421513,Hassan Tazi E4C0F,postpaid,2,2024-01-05,active,urban,Yes
+212431561301,Hassan Tazi F568D,postpaid,3,2022-03-15,active,rural,No
+212801990720,Hassan Usmani 27E2B,postpaid,2,2024-07-30,active,urban,Yes
+212349485398,Hassan Wahabi 3BED0,postpaid,3,2025-04-16,active,urban,No
+212008784531,Hassan Wahabi 8282B,postpaid,2,2022-11-23,active,rural,No
+212528771510,Hayat Alaoui 4142D,postpaid,2,2022-12-12,active,rural,No
+212638996854,Hayat Alaoui EEFE7,postpaid,5,2024-11-13,active,rural,No
+212618481215,Hayat Berrada 9E48F,postpaid,6,2022-08-27,active,urban,No
+212159387488,Hayat Berrada C9E25,postpaid,1,2021-02-09,active,rural,No
+212253728416,Hayat Cherkaoui 845F5,postpaid,1,2022-04-21,active,rural,No
+212505595117,Hayat Cherkaoui A6272,postpaid,4,2023-10-15,active,rural,No
+212943145706,Hayat Chraibi 845FA,postpaid,5,2022-03-22,active,urban,No
+212529920719,Hayat Douiri 18DBB,postpaid,3,2024-12-16,active,urban,No
+212501827628,Hayat El Fassi 2BD1A,postpaid,1,2023-08-07,active,urban,No
+212686795512,Hayat El Fassi 58F4A,postpaid,2,2022-08-05,active,urban,No
+212499885019,Hayat El Fassi BB87F,postpaid,2,2024-06-04,active,urban,No
+212245638480,Hayat Filali A3903,postpaid,1,2024-05-12,suspended,urban,No
+212251629063,Hayat Filali B432F,postpaid,2,2021-10-16,active,urban,No
+212380800370,Hayat Filali C7BE1,postpaid,3,2023-09-14,active,rural,No
+212901293205,Hayat Ghazi DC21B,postpaid,3,2023-12-29,active,rural,No
+212877889957,Hayat Hamdi 91FFD,postpaid,3,2023-04-02,active,rural,No
+212343027270,Hayat Hamdi EC539,postpaid,3,2023-11-28,active,rural,Yes
+212757106762,Hayat Hassani 6BACE,postpaid,2,2024-07-02,active,rural,No
+212354779863,Hayat Iraqi CA64A,postpaid,1,2021-10-27,active,urban,No
+212020210845,Hayat Jamal 12979,postpaid,1,2022-11-11,active,urban,No
+212603705782,Hayat Jamal 477A7,postpaid,6,2024-05-29,active,urban,No
+212232754698,Hayat Jamal 98D87,postpaid,2,2025-02-23,active,rural,No
+212722604184,Hayat Jebari 2E07A,postpaid,2,2025-05-28,active,urban,No
+212756892656,Hayat Kabbaj B8CEC,postpaid,1,2020-07-10,active,rural,No
+212797598400,Hayat Kabbaj F64D3,postpaid,1,2022-02-12,active,urban,No
+212935824351,Hayat Lamrani 6855D,postpaid,3,2024-12-19,active,urban,No
+212065183671,Hayat Naciri 0F5F8,postpaid,3,2021-12-03,active,urban,No
+212535433246,Hayat Naciri 2726E,postpaid,3,2024-06-18,active,urban,No
+212991324957,Hayat Ouali EB3F4,postpaid,1,2021-12-25,active,urban,No
+212540995678,Hayat Qadiri C3915,postpaid,2,2023-08-25,active,urban,Yes
+212577727612,Hayat Rhazi F3647,postpaid,2,2024-06-11,active,rural,No
+212068947245,Hayat Wahabi 280DD,postpaid,1,2024-06-04,active,urban,Yes
+212624371611,Hayat Wahabi 619F7,postpaid,4,2021-08-05,active,rural,No
+212139675445,Hayat Yacoubi 2487F,postpaid,2,2025-01-23,active,urban,No
+212240085606,Hayat Ziani 461E5,postpaid,3,2021-01-11,active,rural,No
+212678038284,Houda Alaoui 4628D,postpaid,1,2021-03-09,active,urban,No
+212092273727,Houda Alaoui C14DD,postpaid,1,2022-01-06,active,urban,No
+212726805847,Houda Amrani FB710,postpaid,1,2025-05-31,active,rural,No
+212640037188,Houda Benali 1C37E,postpaid,4,2024-03-16,active,rural,No
+212077947154,Houda Benali F33E2,postpaid,5,2021-07-21,active,rural,No
+212874124836,Houda Douiri 7E4D5,postpaid,2,2021-12-14,active,rural,Yes
+212179808406,Houda Filali C71E5,postpaid,2,2021-06-06,active,urban,No
+212356441901,Houda Filali E8B3C,postpaid,3,2024-06-09,suspended,urban,No
+212453694936,Houda Hamdi 5B0BC,postpaid,1,2022-01-14,active,urban,No
+212332059074,Houda Hassani 38DCD,postpaid,2,2020-07-06,active,urban,No
+212462126830,Houda Hassani D858C,postpaid,3,2021-04-12,active,urban,No
+212763819674,Houda Iraqi 1E578,postpaid,4,2021-02-15,active,rural,No
+212595782206,Houda Iraqi C8A4B,postpaid,2,2025-04-27,active,urban,No
+212183583236,Houda Kabbaj 3F6A2,postpaid,1,2024-05-03,active,urban,No
+212031846132,Houda Mansouri 1A57B,postpaid,1,2024-09-30,active,rural,No
+212632798404,Houda Mansouri E99AF,postpaid,2,2021-08-17,active,rural,No
+212598351119,Houda Rhazi A0C7C,postpaid,1,2023-10-01,active,urban,No
+212771428441,Houda Rhazi A378A,postpaid,2,2021-03-31,active,rural,No
+212547311242,Houda Squalli 716AE,postpaid,3,2023-03-07,active,urban,Yes
+212368887621,Houda Usmani 4E8BE,postpaid,1,2023-07-13,active,rural,No
+212610322589,Houda Yacoubi D5327,postpaid,3,2025-02-02,active,urban,No
+212716928258,Karim Amrani 885D6,postpaid,2,2020-12-04,active,urban,No
+212988983306,Karim Benali F7160,postpaid,2,2024-10-02,active,urban,No
+212070330533,Karim Berrada 70CF5,postpaid,4,2024-08-11,active,urban,Yes
+212678539248,Karim Chraibi 7DEBB,postpaid,2,2022-10-06,active,urban,No
+212058262150,Karim Douiri 70DD4,postpaid,6,2020-06-12,active,urban,No
+212452742067,Karim El Alami 5A777,postpaid,3,2025-06-08,active,urban,No
+212662835304,Karim El Fassi 73D72,postpaid,2,2023-09-11,active,urban,No
+212394884189,Karim El Fassi A4852,postpaid,2,2020-06-27,active,urban,No
+212807888085,Karim Ghazi D5A83,postpaid,3,2024-12-28,active,urban,No
+212274752582,Karim Hamdi 0F5C4,postpaid,3,2022-11-07,active,urban,Yes
+212499068923,Karim Hamdi 1D5FE,postpaid,4,2022-09-23,active,urban,Yes
+212519021892,Karim Hamdi 1F104,postpaid,3,2022-05-10,active,urban,No
+212422745796,Karim Jamal E715B,postpaid,3,2021-09-17,active,urban,No
+212830650640,Karim Jebari B73FB,postpaid,2,2020-07-04,active,urban,No
+212367879167,Karim Jebari BDF9D,postpaid,2,2021-03-08,suspended,urban,No
+212192944837,Karim Mansouri E0286,postpaid,4,2022-08-24,active,rural,No
+212483784214,Karim Naciri B054B,postpaid,3,2022-07-22,active,rural,No
+212350948277,Karim Ouali 1FE08,postpaid,4,2024-10-17,active,urban,No
+212113745960,Karim Ouali 27460,postpaid,3,2021-03-04,active,urban,No
+212794248028,Karim Ouali A93D5,postpaid,1,2025-03-14,active,rural,Yes
+212680271777,Karim Ouali BB81C,postpaid,3,2023-03-28,active,urban,No
+212939733652,Karim Qadiri 08F0A,postpaid,6,2021-04-16,active,urban,No
+212056829480,Karim Rhazi 2E77F,postpaid,1,2022-01-01,active,rural,Yes
+212903090949,Karim Tazi 214C1,postpaid,2,2021-02-25,active,urban,No
+212467098630,Karim Tazi AA3C4,postpaid,2,2023-11-03,active,urban,No
+212929650138,Karim Usmani 4973D,postpaid,3,2024-05-03,active,urban,No
+212388184666,Karim Ziani ECBC1,postpaid,2,2023-03-16,active,urban,No
+212414157910,Khadija Alaoui 0451F,postpaid,3,2021-08-26,active,urban,No
+212546089798,Khadija Alaoui C8CCA,postpaid,2,2021-10-07,active,urban,No
+212096737359,Khadija Alaoui E9A90,postpaid,1,2024-07-01,active,urban,No
+212014517716,Khadija Amrani 574D5,postpaid,5,2022-04-23,active,rural,No
+212658072725,Khadija Amrani 8FD34,postpaid,6,2024-07-08,active,urban,No
+212515972700,Khadija Benali A97F8,postpaid,3,2023-05-21,active,rural,No
+212063605155,Khadija Berrada 07FA1,postpaid,3,2021-09-13,active,rural,No
+212844061546,Khadija Douiri 65169,postpaid,1,2022-03-11,active,rural,No
+212472592736,Khadija El Alami 39EE5,postpaid,3,2023-12-11,active,urban,No
+212576933483,Khadija El Fassi 7E0DC,postpaid,3,2024-12-10,active,rural,No
+212743781820,Khadija Filali 5F4ED,postpaid,6,2022-02-02,active,urban,No
+212247965727,Khadija Filali A25AB,postpaid,3,2024-08-24,active,urban,No
+212683106217,Khadija Hassani 14418,postpaid,3,2025-04-27,active,urban,No
+212589659265,Khadija Hassani B6498,postpaid,4,2024-06-30,active,urban,No
+212714234059,Khadija Idrissi E3D3C,postpaid,1,2023-03-18,active,urban,No
+212731679997,Khadija Jamal 39442,postpaid,5,2023-04-29,active,urban,No
+212121993308,Khadija Jamal D2D65,postpaid,3,2020-12-19,active,urban,No
+212508547095,Khadija Jamal EDC15,postpaid,3,2021-04-22,active,urban,No
+212321965062,Khadija Jamal F466F,postpaid,3,2021-04-19,active,urban,No
+212590601486,Khadija Kettani 6FDAB,postpaid,2,2024-02-21,active,urban,No
+212428490344,Khadija Lamrani 2D3E5,postpaid,3,2021-09-20,active,urban,No
+212828015224,Khadija Ouali 0310B,postpaid,1,2021-01-10,active,urban,Yes
+212684415189,Khadija Ouali 9D324,postpaid,1,2020-12-15,active,urban,No
+212116861960,Khadija Rhazi 8BD3F,postpaid,5,2024-10-29,active,urban,No
+212669094155,Khadija Squalli EE833,postpaid,2,2021-12-25,active,urban,No
+212732187041,Khadija Tazi 6FC26,postpaid,3,2021-02-19,active,rural,No
+212760748029,Khadija Tazi B74CF,postpaid,4,2021-11-19,active,rural,Yes
+212889565940,Khadija Wahabi B3A30,postpaid,2,2020-11-26,active,rural,No
+212727945683,Khadija Yacoubi F904B,postpaid,4,2020-07-15,active,rural,No
+212087140062,Khadija Ziani 3F007,postpaid,3,2025-05-26,active,rural,No
+212289427733,Khalid Alaoui 8C2AD,postpaid,3,2022-10-25,active,rural,No
+212753323921,Khalid Amrani 0BA92,postpaid,3,2023-10-02,active,rural,No
+212407762831,Khalid Amrani FA55F,postpaid,4,2021-11-06,active,rural,No
+212665319688,Khalid Benali ACBD3,postpaid,4,2020-09-11,active,urban,Yes
+212270494393,Khalid Chraibi 233A8,postpaid,1,2020-07-31,active,urban,Yes
+212790646529,Khalid Chraibi FF10A,postpaid,2,2020-08-02,active,rural,No
+212204027420,Khalid Douiri AC0DD,postpaid,3,2023-09-28,active,rural,No
+212357849696,Khalid El Fassi 1792F,postpaid,2,2022-05-11,active,urban,No
+212779994898,Khalid Hamdi D8509,postpaid,2,2022-09-04,active,urban,No
+212370439829,Khalid Hassani 0ACC5,postpaid,6,2023-04-16,active,urban,Yes
+212937644282,Khalid Hassani 50EA5,postpaid,1,2023-02-03,active,urban,Yes
+212515803118,Khalid Hassani 77254,postpaid,3,2022-08-03,active,urban,No
+212616213642,Khalid Jebari 05F1D,postpaid,1,2023-09-20,active,urban,No
+212671779064,Khalid Kabbaj 0CE3B,postpaid,4,2024-07-29,active,urban,No
+212448085158,Khalid Kabbaj 7A3A6,postpaid,1,2022-08-23,active,urban,No
+212660801327,Khalid Kettani 58AE6,postpaid,3,2023-10-16,active,urban,No
+212847757763,Khalid Kettani C5242,postpaid,1,2022-06-05,active,rural,No
+212795912758,Khalid Naciri 86213,postpaid,2,2024-10-21,active,urban,No
+212349505402,Khalid Ouali 490FF,postpaid,3,2022-12-09,active,urban,No
+212640918006,Khalid Ouali 94749,postpaid,5,2024-03-06,active,rural,No
+212960318168,Khalid Ouali 9FEC0,postpaid,3,2024-03-05,active,rural,No
+212043168489,Khalid Qadiri E147B,postpaid,2,2022-02-23,active,urban,No
+212305828520,Khalid Tazi 2A87D,postpaid,3,2022-08-11,active,rural,No
+212037949369,Khalid Usmani 1394F,postpaid,3,2022-10-10,active,urban,No
+212862278181,Khalid Usmani 2938C,postpaid,6,2024-06-04,active,urban,No
+212443931334,Khalid Yacoubi 822FB,postpaid,1,2024-12-20,active,rural,No
+212318808550,Khalid Ziani 827B3,postpaid,5,2022-01-26,active,urban,No
+212526761330,Khalid Ziani 9AFEF,postpaid,1,2022-04-28,active,urban,No
+212686330865,Laila Alaoui 9107B,postpaid,4,2022-02-20,active,urban,No
+212228262813,Laila Amrani C9560,postpaid,6,2025-04-26,active,urban,No
+212044577518,Laila Benali F0FCE,postpaid,3,2021-10-04,active,rural,No
+212364561736,Laila Berrada 55C47,postpaid,2,2021-04-20,active,urban,No
+212944352414,Laila Cherkaoui 4239B,postpaid,1,2024-08-08,active,urban,Yes
+212996676588,Laila Cherkaoui F7FE7,postpaid,2,2023-03-15,active,urban,Yes
+212488924149,Laila Chraibi A9730,postpaid,1,2021-07-08,active,rural,No
+212061933765,Laila El Alami BF690,postpaid,2,2021-06-13,active,urban,No
+212612792588,Laila Filali 2BB16,postpaid,6,2024-11-13,active,urban,Yes
+212065275492,Laila Ghazi 5E5B2,postpaid,1,2024-05-07,active,urban,No
+212276835638,Laila Ghazi EC3D7,postpaid,2,2025-05-31,active,urban,No
+212938851718,Laila Hamdi F7FD9,postpaid,5,2021-05-09,active,rural,No
+212926179401,Laila Idrissi F091B,postpaid,1,2021-10-28,active,rural,No
+212517814330,Laila Jamal 58BD2,postpaid,2,2024-03-02,active,urban,No
+212364999638,Laila Jamal A1E4C,postpaid,1,2023-09-12,active,urban,Yes
+212333639259,Laila Jebari 0D325,postpaid,6,2021-02-16,suspended,urban,Yes
+212706323589,Laila Mansouri 3F666,postpaid,2,2024-08-07,active,urban,No
+212610876897,Laila Mansouri 5672C,postpaid,3,2020-09-16,active,urban,No
+212285434201,Laila Mansouri 78BA1,postpaid,1,2020-07-06,active,rural,No
+212850860408,Laila Naciri 0DD8D,postpaid,3,2021-03-25,active,rural,Yes
+212670856338,Laila Naciri 4C47C,postpaid,3,2021-06-30,active,rural,No
+212821237136,Laila Qadiri 2BA0D,postpaid,1,2024-04-18,active,rural,No
+212644251370,Laila Qadiri 35D50,postpaid,2,2022-09-30,active,rural,No
+212775022868,Laila Rhazi C0CB3,postpaid,1,2023-09-02,active,urban,No
+212852331188,Laila Squalli BC60D,postpaid,2,2024-10-09,active,rural,No
+212827503155,Laila Tazi 0A027,postpaid,1,2024-01-27,active,urban,No
+212828909624,Laila Tazi 976CD,postpaid,3,2022-01-01,active,urban,No
+212747039487,Laila Usmani AEA50,postpaid,4,2023-06-09,active,rural,No
+212084489357,Laila Usmani BDA96,postpaid,1,2024-09-17,active,urban,No
+212975975871,Leila Amrani 37644,postpaid,3,2025-03-27,active,urban,Yes
+212270921955,Leila Benali 05CB6,postpaid,2,2024-02-24,active,rural,No
+212127103772,Leila Cherkaoui 8453C,postpaid,5,2024-02-09,active,urban,No
+212302830763,Leila Cherkaoui 9D55D,postpaid,2,2021-10-01,active,rural,No
+212643902557,Leila Chraibi 237ED,postpaid,1,2023-05-23,active,rural,No
+212698368312,Leila Chraibi 672ED,postpaid,1,2023-06-04,active,urban,No
+212578829006,Leila Douiri 482D5,postpaid,2,2021-03-15,active,rural,No
+212698748024,Leila Douiri EBE52,postpaid,3,2021-11-07,active,rural,Yes
+212856152595,Leila El Alami 75411,postpaid,1,2020-08-25,active,rural,No
+212474915431,Leila El Alami F6353,postpaid,2,2021-02-27,active,urban,No
+212661776509,Leila Ghazi 5D103,postpaid,6,2022-11-20,active,rural,No
+212378509513,Leila Hamdi 84384,postpaid,1,2020-11-19,active,rural,No
+212630478028,Leila Hamdi A9D0E,postpaid,2,2023-01-27,active,rural,No
+212569130841,Leila Hassani 45B25,postpaid,2,2023-07-23,active,urban,No
+212051517044,Leila Jebari A5A15,postpaid,3,2021-08-15,active,rural,Yes
+212058916135,Leila Jebari EC360,postpaid,3,2024-02-24,active,rural,No
+212271369408,Leila Kabbaj 8D605,postpaid,3,2025-01-28,active,urban,Yes
+212898328313,Leila Mansouri 07FC0,postpaid,1,2023-12-16,active,urban,No
+212081294178,Leila Naciri 88364,postpaid,3,2023-01-28,active,urban,No
+212369808635,Leila Naciri DAC98,postpaid,3,2024-01-31,active,urban,No
+212773945600,Leila Naciri DC103,postpaid,5,2022-02-11,active,rural,No
+212375316691,Leila Ouali 247BA,postpaid,3,2022-07-26,active,urban,No
+212029396970,Leila Rhazi B8E74,postpaid,1,2024-05-04,active,urban,No
+212831063799,Leila Tazi 1250D,postpaid,1,2021-06-20,active,urban,No
+212328061044,Leila Usmani 3F17D,postpaid,1,2021-11-04,active,rural,No
+212296036598,Leila Usmani B1699,postpaid,1,2021-05-21,suspended,urban,No
+212226990651,Leila Yacoubi 6F7E9,postpaid,1,2024-08-05,active,rural,No
+212587774627,Leila Yacoubi C1FC7,postpaid,2,2020-12-21,active,urban,No
+212239786433,Leila Ziani 5AC30,postpaid,3,2024-11-29,active,urban,Yes
+212400441435,Malika Alaoui AC1BC,postpaid,6,2020-12-27,active,urban,No
+212323074866,Malika Alaoui B48BF,postpaid,6,2022-02-26,active,rural,No
+212094571090,Malika Benali 69775,postpaid,2,2022-04-21,active,urban,Yes
+212242555453,Malika Chraibi 58964,postpaid,6,2020-10-15,active,urban,No
+212931354794,Malika El Alami 367E2,postpaid,3,2023-03-30,active,urban,Yes
+212193014198,Malika El Alami 916BE,postpaid,2,2024-08-04,active,rural,No
+212747745052,Malika El Alami A5770,postpaid,5,2024-09-25,active,urban,No
+212240667538,Malika El Alami B900A,postpaid,1,2023-12-16,active,urban,No
+212992688136,Malika Hamdi 20F39,postpaid,1,2023-08-15,active,urban,No
+212248086043,Malika Hassani 158B8,postpaid,2,2024-08-24,active,urban,No
+212169831833,Malika Hassani B875A,postpaid,2,2022-12-29,active,urban,No
+212810511078,Malika Idrissi BCBF7,postpaid,2,2021-07-18,active,urban,No
+212244090661,Malika Jamal EAFB2,postpaid,1,2022-09-11,active,urban,Yes
+212576258176,Malika Kabbaj 33944,postpaid,2,2021-02-08,active,urban,No
+212715479926,Malika Kettani 83B00,postpaid,1,2024-05-15,active,urban,No
+212840212424,Malika Lamrani 87B2E,postpaid,1,2024-06-30,active,urban,Yes
+212983307384,Malika Lamrani D14A5,postpaid,3,2023-12-13,active,urban,No
+212187149572,Malika Ouali D584D,postpaid,2,2021-06-10,active,rural,No
+212650901633,Malika Qadiri 52C26,postpaid,2,2024-10-31,active,urban,No
+212108111498,Malika Squalli AB591,postpaid,4,2021-06-09,active,urban,No
+212066621989,Malika Usmani CA6BD,postpaid,1,2021-11-06,active,urban,No
+212183704422,Malika Yacoubi E98D6,postpaid,3,2025-02-16,active,urban,No
+212979031931,Mohammed Alaoui 22C25,postpaid,1,2021-09-22,active,urban,Yes
+212598357993,Mohammed Benali 20B11,postpaid,6,2024-08-13,active,urban,No
+212478033455,Mohammed Benali FED07,postpaid,1,2024-10-26,active,urban,No
+212204316003,Mohammed Berrada 04F65,postpaid,2,2021-08-17,active,urban,No
+212830913960,Mohammed Berrada B3B21,postpaid,4,2024-02-23,active,rural,No
+212482729839,Mohammed Berrada CBF42,postpaid,3,2023-12-15,active,rural,Yes
+212672959568,Mohammed Cherkaoui 6C00F,postpaid,4,2023-03-28,active,rural,No
+212063795769,Mohammed Chraibi 258C5,postpaid,3,2021-09-18,suspended,urban,Yes
+212025879474,Mohammed Douiri 7524B,postpaid,3,2024-04-23,active,urban,No
+212106219992,Mohammed Filali AEC26,postpaid,3,2023-06-07,active,urban,No
+212231010852,Mohammed Idrissi 2E1A4,postpaid,2,2023-08-14,active,rural,No
+212726397785,Mohammed Idrissi FBFD2,postpaid,3,2025-01-29,active,urban,No
+212504388398,Mohammed Jamal 1EE84,postpaid,5,2021-07-11,active,urban,Yes
+212674726837,Mohammed Jamal 614A5,postpaid,3,2020-09-14,active,rural,No
+212596093248,Mohammed Jamal B2967,postpaid,6,2024-10-17,suspended,urban,No
+212131053892,Mohammed Kabbaj A34DB,postpaid,3,2024-04-18,active,rural,No
+212183846388,Mohammed Kettani 35970,postpaid,2,2021-12-03,active,rural,No
+212905350369,Mohammed Kettani 61595,postpaid,2,2021-03-21,active,urban,No
+212213320898,Mohammed Lamrani C9C22,postpaid,3,2023-11-09,active,urban,No
+212832954803,Mohammed Mansouri 2801E,postpaid,3,2025-03-02,active,urban,Yes
+212397114935,Mohammed Mansouri 99478,postpaid,6,2023-01-28,active,urban,No
+212567223996,Mohammed Qadiri 51C84,postpaid,2,2022-08-05,active,urban,No
+212741655567,Mohammed Qadiri 5F862,postpaid,2,2024-10-14,active,rural,No
+212491544560,Mohammed Rhazi 89A48,postpaid,2,2022-06-05,active,urban,No
+212579857529,Mohammed Squalli C25F9,postpaid,4,2022-12-20,active,urban,Yes
+212522133618,Mohammed Usmani 6E57D,postpaid,3,2021-01-06,active,urban,No
+212932350425,Mohammed Usmani 8D7B8,postpaid,1,2025-01-25,active,rural,No
+212933425493,Mohammed Ziani 8BF20,postpaid,3,2023-02-21,active,urban,No
+212228850062,Mustapha Amrani 256FA,postpaid,1,2021-12-29,active,urban,No
+212868392237,Mustapha Benali A2400,postpaid,1,2020-07-13,active,urban,No
+212301095253,Mustapha Berrada 396F8,postpaid,3,2023-08-02,active,rural,No
+212200088900,Mustapha Berrada CC12D,postpaid,2,2024-12-06,active,urban,No
+212147803929,Mustapha Cherkaoui 7DFB2,postpaid,3,2021-12-15,active,urban,No
+212247660737,Mustapha Chraibi F3C74,postpaid,3,2024-10-12,active,urban,No
+212813151943,Mustapha Douiri DA3EE,postpaid,1,2022-06-07,active,urban,Yes
+212058798880,Mustapha El Alami 687CE,postpaid,2,2025-03-15,active,urban,No
+212367559708,Mustapha El Fassi 1226A,postpaid,3,2022-08-24,active,urban,No
+212814078215,Mustapha El Fassi 3481D,postpaid,2,2022-08-03,active,rural,Yes
+212940213971,Mustapha Filali 7E124,postpaid,2,2023-12-03,active,urban,Yes
+212823913201,Mustapha Ghazi B259B,postpaid,3,2025-03-07,active,rural,No
+212768074496,Mustapha Hamdi 3F07A,postpaid,2,2024-11-13,active,urban,No
+212289423267,Mustapha Hassani 372FA,postpaid,3,2022-04-22,active,rural,No
+212691244972,Mustapha Hassani D9C1E,postpaid,1,2022-02-18,active,urban,No
+212832270328,Mustapha Iraqi 29C4F,postpaid,3,2021-08-01,suspended,urban,No
+212788246908,Mustapha Iraqi DBE0E,postpaid,2,2024-01-24,active,urban,No
+212975632910,Mustapha Jamal B2111,postpaid,5,2024-06-19,active,rural,No
+212063560212,Mustapha Kabbaj 84DD3,postpaid,2,2021-03-25,active,urban,No
+212642969929,Mustapha Kettani 77F80,postpaid,5,2024-07-03,active,rural,Yes
+212633763382,Mustapha Kettani AB3A0,postpaid,2,2020-12-19,active,urban,No
+212805350426,Mustapha Lamrani 3B87E,postpaid,2,2023-10-25,active,urban,Yes
+212478576140,Mustapha Lamrani 82D30,postpaid,4,2024-04-01,active,urban,No
+212656842068,Mustapha Mansouri 3CE16,postpaid,2,2023-09-23,active,urban,No
+212564154882,Mustapha Mansouri 8697B,postpaid,1,2025-03-16,active,rural,No
+212412273018,Mustapha Ouali 65123,postpaid,1,2020-12-29,active,urban,No
+212371655992,Mustapha Tazi 3926A,postpaid,3,2020-07-06,active,rural,No
+212457900253,Mustapha Tazi F5506,postpaid,3,2025-05-12,active,urban,No
+212538995506,Mustapha Usmani 5161C,postpaid,2,2022-09-24,active,urban,No
+212940161235,Mustapha Wahabi B2D9F,postpaid,2,2021-05-04,active,rural,No
+212569931234,Mustapha Wahabi D567D,postpaid,3,2020-07-29,active,urban,No
+212772535999,Mustapha Wahabi D6A90,postpaid,2,2022-02-28,active,urban,No
+212358362957,Mustapha Ziani 5DCA3,postpaid,1,2025-03-06,active,urban,Yes
+212975411150,Nadia Benali 0FA97,postpaid,1,2024-01-09,active,rural,No
+212682554107,Nadia Berrada 9318F,postpaid,1,2025-04-13,active,rural,Yes
+212358689335,Nadia Berrada BAA84,postpaid,3,2021-09-01,suspended,urban,Yes
+212785089250,Nadia Chraibi 0D50F,postpaid,3,2025-04-18,active,urban,No
+212642793491,Nadia El Alami 30AAF,postpaid,2,2024-08-04,active,rural,No
+212001566560,Nadia El Fassi 0B9AD,postpaid,3,2023-09-04,active,urban,No
+212322088683,Nadia El Fassi 49EFA,postpaid,2,2022-09-23,active,urban,No
+212256660712,Nadia El Fassi 973DB,postpaid,4,2021-08-29,active,rural,No
+212116106244,Nadia Ghazi 8EF6E,postpaid,3,2024-09-28,suspended,rural,No
+212527685131,Nadia Ghazi F4797,postpaid,2,2020-08-18,active,rural,No
+212378521593,Nadia Hamdi BC79A,postpaid,3,2021-04-14,active,urban,No
+212135826326,Nadia Hassani 56C22,postpaid,2,2021-02-13,active,urban,No
+212005497551,Nadia Iraqi A7C52,postpaid,1,2023-01-22,active,urban,No
+212505891342,Nadia Iraqi FFA05,postpaid,5,2021-10-03,active,rural,Yes
+212214296520,Nadia Jamal 00F7F,postpaid,6,2022-02-01,active,urban,No
+212181084543,Nadia Jamal E48E2,postpaid,2,2021-03-20,active,urban,No
+212302287267,Nadia Jebari A135A,postpaid,4,2022-07-09,active,urban,No
+212530365519,Nadia Kabbaj 13882,postpaid,1,2024-05-21,suspended,urban,No
+212820176912,Nadia Kabbaj 51287,postpaid,4,2023-12-23,active,rural,No
+212168327673,Nadia Kettani A25AC,postpaid,3,2025-01-31,active,urban,No
+212105088359,Nadia Lamrani 4DC84,postpaid,1,2023-06-16,active,rural,No
+212699953888,Nadia Mansouri 747A9,postpaid,3,2021-06-23,active,urban,No
+212631189724,Nadia Ouali 5DF23,postpaid,3,2020-07-09,active,urban,No
+212565475237,Nadia Qadiri 45472,postpaid,2,2022-12-16,active,urban,No
+212939323065,Nadia Qadiri C4394,postpaid,1,2023-11-21,active,rural,No
+212427719469,Nadia Rhazi BD579,postpaid,1,2021-12-14,active,urban,No
+212840748204,Nadia Squalli EF05E,postpaid,1,2023-05-27,active,urban,No
+212001196540,Nadia Usmani 3BD65,postpaid,2,2024-08-18,active,urban,No
+212323792771,Nadia Usmani 53FA0,postpaid,1,2020-08-13,active,rural,No
+212168789037,Nadia Wahabi 6403D,postpaid,2,2022-01-03,active,urban,No
+212122934213,Nadia Yacoubi 073DC,postpaid,2,2024-05-18,active,rural,No
+212972437233,Omar Alaoui BF686,postpaid,2,2021-10-11,suspended,rural,No
+212000342115,Omar Alaoui C3DBC,postpaid,3,2021-08-05,active,urban,No
+212681292602,Omar Benali 2B717,postpaid,3,2023-11-01,active,urban,No
+212735359688,Omar Chraibi BA687,postpaid,3,2025-05-11,active,urban,No
+212280159754,Omar Chraibi EB92A,postpaid,2,2023-04-20,active,urban,No
+212709916970,Omar El Fassi 067DA,postpaid,2,2021-06-18,active,urban,No
+212589285299,Omar Ghazi 0C4E9,postpaid,1,2024-12-31,active,rural,Yes
+212485057273,Omar Ghazi F9C55,postpaid,2,2024-08-11,active,rural,No
+212890716699,Omar Iraqi F0D05,postpaid,1,2021-10-01,active,urban,No
+212558203795,Omar Jamal 00391,postpaid,6,2024-09-16,active,rural,No
+212927273794,Omar Jamal D402B,postpaid,3,2022-08-06,active,rural,No
+212525715476,Omar Jebari 6162C,postpaid,3,2022-05-25,active,urban,No
+212883615321,Omar Jebari 7C36A,postpaid,2,2021-02-14,suspended,urban,No
+212909867360,Omar Lamrani 6C5DD,postpaid,5,2020-08-24,active,rural,No
+212691058664,Omar Lamrani AA6F7,postpaid,4,2024-04-28,active,urban,No
+212526024917,Omar Mansouri 40C67,postpaid,1,2025-03-30,active,rural,No
+212585430307,Omar Mansouri F927B,postpaid,3,2024-07-16,active,rural,No
+212285293743,Omar Naciri C0864,postpaid,3,2025-05-31,active,urban,No
+212579999723,Omar Ouali 5EDAD,postpaid,2,2024-10-23,active,urban,No
+212794904361,Omar Qadiri 0569E,postpaid,1,2024-10-18,active,urban,No
+212883194600,Omar Qadiri 0B38D,postpaid,1,2024-12-20,active,urban,No
+212195482750,Omar Qadiri 64B0E,postpaid,3,2022-01-17,active,rural,Yes
+212947033075,Omar Qadiri B682B,postpaid,5,2021-09-06,active,urban,No
+212272051839,Omar Rhazi 314FD,postpaid,2,2022-01-07,active,urban,No
+212595646123,Omar Rhazi AF6FC,postpaid,4,2024-01-17,active,urban,Yes
+212922143473,Omar Squalli 4FC38,postpaid,1,2020-12-31,active,rural,No
+212156116155,Omar Squalli DBB27,postpaid,6,2022-07-04,active,urban,No
+212870697303,Omar Tazi 09981,postpaid,3,2021-02-19,active,urban,No
+212266120088,Omar Tazi 13C9F,postpaid,5,2020-12-25,active,rural,No
+212377320941,Omar Usmani BCE89,postpaid,1,2024-02-11,active,urban,No
+212282664923,Omar Wahabi 44A98,postpaid,1,2022-03-15,suspended,rural,Yes
+212731857228,Omar Wahabi F8572,postpaid,5,2022-06-29,active,urban,No
+212650966139,Omar Yacoubi C419F,postpaid,2,2022-08-02,active,urban,Yes
+212119830267,Othman Amrani 4FF49,postpaid,1,2024-11-30,active,urban,No
+212209410256,Othman Chraibi 86146,postpaid,1,2023-03-09,active,rural,No
+212487780911,Othman Douiri 182C1,postpaid,2,2023-05-28,suspended,urban,No
+212262328517,Othman El Alami 52BDA,postpaid,3,2020-10-21,active,urban,No
+212373441699,Othman El Alami F2D87,postpaid,2,2024-06-11,active,urban,No
+212776676555,Othman El Fassi 4282A,postpaid,5,2020-06-22,active,urban,No
+212034506897,Othman El Fassi C27B3,postpaid,4,2022-09-07,active,rural,No
+212971683083,Othman Ghazi 240FC,postpaid,3,2020-06-13,active,urban,No
+212527288150,Othman Hassani 6290F,postpaid,6,2025-03-31,active,urban,No
+212712496461,Othman Iraqi 72E98,postpaid,1,2023-12-31,active,urban,No
+212600253916,Othman Kabbaj D49D0,postpaid,3,2021-11-22,active,urban,No
+212325528386,Othman Kettani EB356,postpaid,1,2022-06-29,active,urban,No
+212727395175,Othman Lamrani 2C8B6,postpaid,2,2020-06-10,active,rural,No
+212245982946,Othman Lamrani AE193,postpaid,4,2024-08-09,active,urban,No
+212027391859,Othman Ouali 16BF4,postpaid,1,2025-05-08,active,urban,No
+212319982251,Othman Squalli 2BECA,postpaid,1,2020-11-13,active,rural,No
+212536846545,Othman Squalli BF8D5,postpaid,2,2023-06-30,active,rural,No
+212844587751,Othman Yacoubi 191C6,postpaid,1,2024-05-19,active,urban,No
+212575852457,Othman Ziani 65F26,postpaid,3,2023-02-12,active,rural,No
+212252667579,Rachid Alaoui 7DADE,postpaid,2,2023-01-13,active,rural,No
+212732302034,Rachid Amrani 73A6A,postpaid,5,2024-10-08,active,urban,No
+212375765859,Rachid Amrani 88066,postpaid,3,2021-08-27,active,urban,No
+212269968179,Rachid Amrani C66B4,postpaid,5,2020-09-22,active,rural,No
+212572911027,Rachid Benali 66B5B,postpaid,3,2023-03-13,active,rural,No
+212990791206,Rachid Cherkaoui 77513,postpaid,1,2020-09-03,suspended,urban,No
+212765705445,Rachid Douiri 4DE33,postpaid,1,2022-04-25,active,urban,No
+212769459383,Rachid Douiri 912D1,postpaid,6,2022-01-15,active,urban,No
+212970585110,Rachid El Alami 91C4F,postpaid,3,2024-03-14,active,urban,Yes
+212725060080,Rachid El Alami ACD45,postpaid,3,2021-07-15,suspended,rural,No
+212267955448,Rachid El Fassi 04F7C,postpaid,5,2023-08-30,active,rural,No
+212869733821,Rachid El Fassi 0EF94,postpaid,2,2023-10-11,active,urban,No
+212553502195,Rachid El Fassi 37AF1,postpaid,1,2025-05-10,active,rural,No
+212891951291,Rachid El Fassi 4CC37,postpaid,6,2022-08-13,active,urban,Yes
+212856934823,Rachid Filali 27144,postpaid,4,2025-01-31,active,urban,No
+212162185866,Rachid Filali 76A2F,postpaid,1,2023-06-18,active,urban,No
+212252407494,Rachid Filali D7BDC,postpaid,2,2021-07-31,active,urban,No
+212313829853,Rachid Filali E4A73,postpaid,1,2022-02-11,active,rural,No
+212841588068,Rachid Hamdi 8BC5E,postpaid,4,2024-08-01,active,urban,No
+212390762949,Rachid Idrissi FE50E,postpaid,2,2022-11-08,active,rural,No
+212927792168,Rachid Iraqi DCDAB,postpaid,3,2022-09-26,active,urban,No
+212260973727,Rachid Jamal 93DAD,postpaid,3,2022-02-08,active,urban,No
+212267910393,Rachid Kettani 06BC3,postpaid,6,2021-09-14,active,rural,No
+212442852223,Rachid Kettani 18456,postpaid,3,2024-09-25,active,rural,No
+212188878977,Rachid Kettani AEAF0,postpaid,3,2023-10-18,active,rural,No
+212822648826,Rachid Kettani E1F98,postpaid,2,2022-04-22,active,urban,No
+212202752744,Rachid Lamrani 063D2,postpaid,1,2022-09-11,active,rural,Yes
+212211868988,Rachid Ouali 2C216,postpaid,6,2024-06-08,active,urban,No
+212709498244,Rachid Ouali 4B8D9,postpaid,2,2024-08-31,active,urban,No
+212796252838,Rachid Qadiri 627B3,postpaid,4,2025-01-10,active,urban,No
+212921956620,Rachid Qadiri 9386C,postpaid,4,2022-04-11,active,rural,No
+212149034584,Rachid Rhazi 5EC18,postpaid,3,2022-01-13,active,urban,No
+212175941064,Rachid Tazi 445CA,postpaid,3,2022-01-15,active,urban,No
+212406338429,Rachid Usmani 95C14,postpaid,2,2022-08-11,active,urban,No
+212872137615,Rachid Usmani CEE06,postpaid,2,2022-07-24,active,urban,No
+212894912571,Rachid Wahabi 4CD0E,postpaid,2,2024-01-14,active,urban,No
+212117765865,Rachid Yacoubi CC6DB,postpaid,2,2021-11-05,active,rural,No
+212973578949,Rajae Alaoui 95370,postpaid,3,2025-04-13,active,rural,No
+212603161609,Rajae Benali 7DB82,postpaid,1,2021-02-22,active,rural,Yes
+212416335387,Rajae Berrada 3D8AF,postpaid,3,2023-05-27,active,rural,Yes
+212483613948,Rajae Berrada 5BE6B,postpaid,3,2022-10-14,active,rural,No
+212263538075,Rajae Chraibi C09C2,postpaid,1,2020-08-29,suspended,rural,No
+212751277621,Rajae Chraibi E6F26,postpaid,1,2021-02-12,suspended,rural,No
+212202431441,Rajae Douiri B033B,postpaid,4,2025-01-04,active,urban,No
+212088825054,Rajae Filali 6E190,postpaid,1,2025-06-03,active,urban,No
+212880900678,Rajae Ghazi 0CF89,postpaid,2,2024-03-29,active,urban,No
+212979929341,Rajae Hamdi 27498,postpaid,4,2020-06-25,active,urban,No
+212517644133,Rajae Hamdi 8E3AF,postpaid,3,2023-03-21,suspended,urban,Yes
+212597089640,Rajae Hamdi F49FC,postpaid,2,2023-06-29,active,urban,No
+212751776406,Rajae Hassani C5121,postpaid,6,2023-02-23,active,urban,No
+212875946287,Rajae Hassani D52FC,postpaid,2,2024-04-23,active,urban,No
+212916954351,Rajae Hassani E87BC,postpaid,3,2023-09-03,active,urban,No
+212031518027,Rajae Hassani E9E66,postpaid,2,2024-08-20,active,urban,No
+212727180259,Rajae Idrissi 16E43,postpaid,3,2025-04-29,active,urban,No
+212339032739,Rajae Idrissi 8C85D,postpaid,3,2024-01-12,active,urban,Yes
+212899183983,Rajae Idrissi DC5C3,postpaid,4,2025-04-27,active,rural,No
+212880125150,Rajae Iraqi 0B113,postpaid,3,2024-10-05,active,urban,No
+212955783981,Rajae Iraqi 16A36,postpaid,3,2024-09-23,active,urban,No
+212414596160,Rajae Jamal 3B8D5,postpaid,1,2022-09-18,active,urban,No
+212136332873,Rajae Jamal E7A36,postpaid,1,2025-01-15,active,urban,No
+212420950891,Rajae Kabbaj 2DC9C,postpaid,6,2025-02-13,active,urban,No
+212788402864,Rajae Kabbaj 5BA0D,postpaid,3,2021-07-16,active,urban,No
+212013225996,Rajae Qadiri 65AAC,postpaid,3,2021-07-29,suspended,urban,Yes
+212263243077,Rajae Wahabi FA9D0,postpaid,1,2020-12-14,suspended,rural,No
+212755478168,Said Alaoui 71105,postpaid,3,2021-03-17,active,urban,No
+212094459200,Said Benali 0A0CC,postpaid,3,2025-01-15,active,urban,No
+212628910123,Said Berrada 62BBE,postpaid,2,2020-06-24,active,urban,No
+212016393310,Said Berrada BED6F,postpaid,4,2021-04-01,active,urban,Yes
+212789020252,Said Chraibi 0A854,postpaid,1,2020-06-26,active,urban,No
+212511811158,Said El Alami 7B434,postpaid,1,2024-06-06,active,urban,No
+212728902437,Said El Fassi 103D1,postpaid,3,2021-06-14,active,urban,No
+212278231237,Said Ghazi 4053C,postpaid,1,2021-04-16,active,urban,No
+212304459538,Said Ghazi AE6C4,postpaid,2,2024-12-19,active,urban,No
+212688423470,Said Hamdi 86F44,postpaid,2,2023-04-04,active,rural,No
+212817965297,Said Hamdi D0553,postpaid,3,2022-10-25,active,rural,No
+212664142045,Said Hassani 3AF11,postpaid,3,2022-09-07,active,rural,No
+212583114812,Said Idrissi 9B5EE,postpaid,3,2021-05-20,active,rural,No
+212550465717,Said Idrissi B76E2,postpaid,3,2020-10-28,active,urban,No
+212760623074,Said Idrissi E240C,postpaid,2,2024-11-14,active,rural,No
+212869505634,Said Iraqi 26022,postpaid,3,2021-06-14,active,rural,No
+212781718001,Said Iraqi B870D,postpaid,1,2022-01-04,active,urban,No
+212097993574,Said Jamal 77648,postpaid,1,2021-01-16,active,urban,Yes
+212586524327,Said Kabbaj 9D03E,postpaid,1,2022-03-28,active,rural,No
+212827851049,Said Lamrani 9B230,postpaid,1,2023-02-24,active,urban,No
+212627288579,Said Mansouri 66823,postpaid,3,2020-10-12,active,rural,No
+212240508156,Said Mansouri A0E4C,postpaid,3,2022-11-23,active,rural,No
+212724490438,Said Mansouri F1E57,postpaid,3,2024-06-21,active,urban,No
+212893966774,Said Ouali 1EA86,postpaid,5,2022-03-18,active,rural,No
+212728419519,Said Ouali 3C09E,postpaid,1,2022-02-02,active,urban,No
+212241758871,Said Ouali 55B0A,postpaid,3,2023-04-02,active,urban,No
+212668486442,Said Ouali 60640,postpaid,3,2022-08-08,active,urban,No
+212399657190,Said Qadiri 1A89B,postpaid,5,2023-12-17,active,urban,No
+212751806299,Said Qadiri 2B68D,postpaid,4,2020-12-29,suspended,rural,No
+212930613046,Said Rhazi 0E481,postpaid,5,2023-04-09,active,urban,Yes
+212959327444,Said Tazi 1A304,postpaid,1,2021-03-02,active,urban,No
+212667945297,Said Ziani 5FFE0,postpaid,3,2024-01-10,active,urban,Yes
+212506085873,Said Ziani 8DFCA,postpaid,4,2023-12-26,active,rural,No
+212408407789,Samira Benali 1ACEC,postpaid,2,2022-10-23,active,urban,No
+212310094196,Samira Benali 2180A,postpaid,1,2021-06-03,active,urban,No
+212507609903,Samira Cherkaoui 032DC,postpaid,3,2021-12-30,active,urban,No
+212911802516,Samira Cherkaoui 9E4FB,postpaid,1,2022-03-21,active,rural,No
+212938798326,Samira El Fassi C350F,postpaid,1,2021-06-04,active,urban,No
+212395517326,Samira El Fassi CD050,postpaid,3,2021-04-03,active,urban,No
+212228895018,Samira El Fassi D183D,postpaid,2,2024-07-19,active,rural,No
+212228559133,Samira Hamdi 05882,postpaid,1,2020-07-08,active,urban,No
+212045146034,Samira Hamdi 1B6F4,postpaid,4,2022-10-25,active,urban,No
+212647874895,Samira Hassani 16A3E,postpaid,2,2022-02-12,active,rural,No
+212948084854,Samira Hassani 8E169,postpaid,2,2023-05-13,active,rural,No
+212181379268,Samira Iraqi 276AE,postpaid,6,2025-04-17,active,rural,Yes
+212120835775,Samira Iraqi 4A1A5,postpaid,3,2025-05-30,active,rural,Yes
+212860110132,Samira Iraqi AFD53,postpaid,2,2020-08-09,active,rural,No
+212736812232,Samira Jamal 09568,postpaid,6,2024-01-19,active,rural,No
+212007008534,Samira Jamal 91976,postpaid,4,2024-07-30,active,urban,No
+212480069571,Samira Jamal D3577,postpaid,6,2024-03-01,active,rural,No
+212302212818,Samira Jamal E465B,postpaid,3,2023-04-20,active,rural,No
+212091844611,Samira Jebari FB9EE,postpaid,3,2024-04-23,active,urban,No
+212118428592,Samira Mansouri 35764,postpaid,1,2023-10-02,active,urban,No
+212437216313,Samira Mansouri C58A2,postpaid,1,2021-10-13,active,urban,Yes
+212345962030,Samira Qadiri 2F5EE,postpaid,2,2021-12-23,active,urban,No
+212262593858,Samira Qadiri C800F,postpaid,1,2024-10-17,active,urban,No
+212734551761,Samira Rhazi 27FA6,postpaid,3,2022-02-20,active,urban,No
+212308853342,Samira Rhazi D1096,postpaid,1,2021-07-03,suspended,urban,No
+212811785979,Samira Squalli 728CC,postpaid,1,2022-07-14,active,urban,No
+212774778807,Samira Tazi 87CCA,postpaid,2,2022-03-19,active,rural,No
+212080692306,Samira Usmani 1B781,postpaid,1,2022-02-05,active,urban,Yes
+212980676624,Samira Wahabi 6F893,postpaid,1,2024-01-28,active,rural,No
+212597764833,Samira Wahabi CF2B5,postpaid,3,2020-11-29,active,urban,No
+212315199066,Samira Ziani 92D09,postpaid,1,2023-02-14,active,urban,No
+212541821702,Sanaa Alaoui 3CBB7,postpaid,2,2022-05-23,active,rural,No
+212912017541,Sanaa Amrani B7620,postpaid,2,2025-02-18,active,rural,No
+212578869762,Sanaa Benali 5BD96,postpaid,3,2023-07-13,active,urban,Yes
+212614621394,Sanaa El Alami 937A8,postpaid,1,2022-07-07,active,urban,Yes
+212549344861,Sanaa El Fassi F52E6,postpaid,1,2022-08-31,active,urban,No
+212453072195,Sanaa El Fassi FE84E,postpaid,3,2022-01-19,active,urban,Yes
+212156716732,Sanaa Filali 320B8,postpaid,2,2024-04-20,active,rural,No
+212219064215,Sanaa Filali C7B80,postpaid,4,2024-10-20,active,rural,No
+212297939093,Sanaa Hamdi C816C,postpaid,2,2023-09-15,active,urban,No
+212763036641,Sanaa Hassani 0E41D,postpaid,1,2023-01-02,active,rural,No
+212245985689,Sanaa Hassani 6CCE6,postpaid,2,2024-01-22,active,urban,No
+212677509107,Sanaa Idrissi 20E51,postpaid,3,2025-02-23,active,rural,No
+212624328930,Sanaa Jamal 05092,postpaid,3,2022-02-26,active,urban,No
+212432529425,Sanaa Jebari D12A3,postpaid,3,2022-07-05,active,rural,No
+212055963241,Sanaa Jebari DBB44,postpaid,3,2020-10-26,active,rural,No
+212169070655,Sanaa Kabbaj 7C922,postpaid,2,2022-12-01,active,rural,No
+212506177265,Sanaa Kabbaj 907FD,postpaid,2,2023-02-26,active,rural,No
+212595289485,Sanaa Kabbaj D5F48,postpaid,3,2021-09-29,active,urban,Yes
+212687433500,Sanaa Kettani F162C,postpaid,2,2021-02-09,active,rural,No
+212525273634,Sanaa Lamrani A28BD,postpaid,1,2022-09-08,active,urban,No
+212958464568,Sanaa Mansouri 6AB86,postpaid,1,2023-03-05,active,urban,No
+212679336604,Sanaa Naciri 926AD,postpaid,4,2021-03-30,active,rural,No
+212546365405,Sanaa Qadiri 47839,postpaid,3,2023-03-01,active,urban,No
+212487609966,Sanaa Rhazi 2E501,postpaid,2,2022-12-26,active,urban,Yes
+212378586799,Sanaa Rhazi 4EC0E,postpaid,2,2021-10-06,active,rural,No
+212857290910,Sanaa Rhazi CD444,postpaid,1,2024-08-12,active,rural,No
+212632837885,Sanaa Squalli 1D76B,postpaid,2,2024-08-29,active,urban,No
+212578120843,Sanaa Squalli 4D7F6,postpaid,3,2021-11-05,active,urban,No
+212051945672,Sanaa Squalli 7C7BA,postpaid,2,2024-10-25,active,rural,No
+212332129107,Sanaa Tazi 124F4,postpaid,3,2024-11-29,active,urban,Yes
+212735292090,Sanaa Tazi D3363,postpaid,3,2024-12-19,suspended,rural,Yes
+212042732803,Sanaa Usmani D0C62,postpaid,1,2024-01-13,active,rural,No
+212769269351,Sanaa Wahabi C91DB,postpaid,1,2025-02-11,active,urban,Yes
+212961965594,Souad Amrani FDC01,postpaid,3,2023-02-04,active,urban,No
+212970198696,Souad Berrada 1D63E,postpaid,3,2021-04-17,active,rural,No
+212491368295,Souad Chraibi 2C29C,postpaid,4,2021-09-19,active,rural,No
+212815437735,Souad Douiri 01EDA,postpaid,5,2025-04-22,active,rural,No
+212622506459,Souad Douiri 91EAF,postpaid,3,2024-09-20,active,rural,No
+212784816621,Souad El Alami 5B1ED,postpaid,1,2022-06-19,active,rural,No
+212791116731,Souad El Fassi E3F0B,postpaid,2,2023-07-12,active,rural,Yes
+212827225571,Souad Filali B95B2,postpaid,3,2020-12-31,active,rural,No
+212479797852,Souad Ghazi FBCC1,postpaid,1,2023-07-01,active,rural,No
+212777442657,Souad Iraqi DC6CF,postpaid,2,2024-05-22,suspended,urban,No
+212229423730,Souad Jamal 63D30,postpaid,3,2020-12-02,active,urban,No
+212096221768,Souad Jamal F93F6,postpaid,3,2020-11-26,active,rural,No
+212268940770,Souad Kabbaj AAD22,postpaid,1,2021-10-31,active,rural,No
+212376263957,Souad Kabbaj C9A08,postpaid,1,2022-10-28,active,rural,Yes
+212581192773,Souad Kettani 0DEF2,postpaid,2,2024-05-18,active,urban,No
+212209787227,Souad Kettani 5D925,postpaid,3,2023-11-16,active,urban,No
+212238447458,Souad Lamrani 794A4,postpaid,3,2024-05-23,active,urban,Yes
+212076468426,Souad Naciri 627C0,postpaid,1,2021-03-06,active,rural,No
+212912395979,Souad Ouali E7E71,postpaid,3,2023-01-21,active,rural,No
+212083131149,Souad Qadiri 04095,postpaid,6,2021-11-12,active,rural,No
+212119657682,Souad Rhazi 78C0B,postpaid,4,2020-09-07,active,urban,No
+212357687328,Souad Rhazi CA192,postpaid,3,2024-07-09,active,urban,No
+212826737642,Souad Squalli DAF21,postpaid,1,2020-07-21,active,urban,No
+212380507717,Souad Tazi 4660C,postpaid,1,2025-01-18,active,rural,No
+212442556610,Souad Tazi 72FE5,postpaid,4,2023-01-09,active,urban,No
+212167094871,Souad Tazi DB506,postpaid,1,2025-04-03,active,urban,No
+212319187212,Souad Usmani 0C435,postpaid,2,2025-06-02,active,urban,No
+212889358539,Souad Usmani C3C54,postpaid,1,2024-07-22,active,urban,No
+212169227704,Souad Wahabi 364B9,postpaid,3,2023-02-22,active,urban,No
+212017051270,Souad Wahabi 45FB1,postpaid,6,2023-10-14,active,rural,No
+212860622496,Souad Wahabi 5EF47,postpaid,2,2023-10-31,active,rural,No
+212217500026,Souad Wahabi EB768,postpaid,1,2023-12-11,active,urban,Yes
+212803897973,Souad Ziani 2CC9B,postpaid,2,2020-12-12,active,rural,Yes
+212004705945,Yassine Amrani 0F092,postpaid,3,2021-12-18,active,urban,No
+212306341118,Yassine Amrani 11FC1,postpaid,3,2023-06-24,active,rural,Yes
+212190108438,Yassine Cherkaoui ABB83,postpaid,2,2021-12-21,active,urban,No
+212600395011,Yassine Chraibi 47171,postpaid,2,2021-04-11,active,rural,No
+212104486398,Yassine Chraibi FF9AC,postpaid,6,2021-01-29,active,rural,No
+212734754201,Yassine Douiri 32F0E,postpaid,1,2020-06-14,suspended,urban,No
+212750054410,Yassine Douiri E2DEC,postpaid,6,2020-06-18,active,urban,No
+212062646398,Yassine El Fassi D30B9,postpaid,1,2023-09-11,active,urban,No
+212690427063,Yassine Filali 23768,postpaid,6,2025-05-31,active,rural,No
+212454156027,Yassine Ghazi 3DD27,postpaid,1,2023-10-03,active,rural,No
+212091805604,Yassine Ghazi 61EAA,postpaid,2,2023-03-23,active,urban,No
+212910978832,Yassine Hamdi 216EE,postpaid,1,2024-07-20,active,urban,No
+212327919268,Yassine Hamdi 54D05,postpaid,5,2022-07-01,active,rural,No
+212319197992,Yassine Idrissi 05160,postpaid,2,2024-08-11,active,urban,No
+212187895818,Yassine Iraqi 10D2D,postpaid,1,2025-04-21,active,rural,Yes
+212049829919,Yassine Iraqi 43CC7,postpaid,3,2021-02-16,active,rural,No
+212313345707,Yassine Jamal 8A7CE,postpaid,1,2025-03-07,active,rural,No
+212913462717,Yassine Jamal 93E99,postpaid,3,2025-05-28,active,urban,No
+212344038779,Yassine Jamal E9B56,postpaid,5,2021-01-29,active,urban,No
+212979341971,Yassine Jebari CC745,postpaid,1,2025-06-03,active,urban,Yes
+212991294518,Yassine Kettani 616A1,postpaid,2,2022-10-29,active,urban,No
+212745582243,Yassine Kettani 628D0,postpaid,1,2023-07-22,active,urban,Yes
+212994808288,Yassine Lamrani 84846,postpaid,4,2022-02-04,active,rural,No
+212337744932,Yassine Lamrani FD67B,postpaid,2,2020-09-25,active,rural,No
+212610334078,Yassine Mansouri 0B7AB,postpaid,1,2025-03-21,active,urban,No
+212789645450,Yassine Mansouri 466EE,postpaid,4,2025-03-12,active,urban,No
+212881979128,Yassine Mansouri 5027A,postpaid,2,2024-09-15,active,rural,No
+212333461044,Yassine Naciri 83DED,postpaid,3,2021-08-29,active,urban,No
+212172276477,Yassine Ouali 6EC90,postpaid,1,2024-07-26,suspended,urban,No
+212006761372,Yassine Squalli 11BD0,postpaid,3,2023-01-03,active,urban,No
+212426496931,Yassine Squalli 680CC,postpaid,3,2023-04-05,active,rural,No
+212012519724,Yassine Wahabi AAD5B,postpaid,3,2023-04-10,suspended,rural,No
+212647167793,Yassine Yacoubi 0559F,postpaid,6,2025-01-26,active,urban,No
+212799401048,Youssef Alaoui AF9FE,postpaid,3,2020-06-28,active,urban,No
+212815843348,Youssef Amrani 78A24,postpaid,5,2022-12-06,active,rural,No
+212096221263,Youssef Benali D8316,postpaid,3,2024-02-18,active,urban,No
+212203894084,Youssef Berrada E5D92,postpaid,5,2024-10-23,active,rural,No
+212273379110,Youssef Cherkaoui 9DBDF,postpaid,3,2024-03-05,active,rural,No
+212404069947,Youssef Chraibi 9E17C,postpaid,1,2024-08-05,active,urban,No
+212292418301,Youssef Filali 3ED5C,postpaid,1,2022-04-27,active,urban,No
+212281890682,Youssef Filali 4E179,postpaid,3,2024-05-16,active,urban,No
+212415798790,Youssef Ghazi 2293C,postpaid,3,2023-03-28,active,rural,No
+212919407839,Youssef Hamdi E972E,postpaid,3,2022-06-06,active,rural,No
+212376628528,Youssef Hamdi EA83A,postpaid,3,2025-01-23,active,rural,No
+212071521810,Youssef Hassani 43184,postpaid,1,2021-12-13,active,urban,No
+212125686325,Youssef Hassani EE618,postpaid,1,2020-10-31,active,urban,No
+212719707855,Youssef Idrissi 2195D,postpaid,5,2025-05-27,active,urban,No
+212692600735,Youssef Idrissi 59BA8,postpaid,3,2024-06-19,active,urban,Yes
+212304466630,Youssef Iraqi 8C557,postpaid,1,2023-01-13,active,urban,Yes
+212884015151,Youssef Jamal 927EA,postpaid,1,2024-10-03,active,urban,No
+212586230004,Youssef Jebari 961E7,postpaid,2,2020-08-22,active,urban,No
+212666669255,Youssef Jebari AB35C,postpaid,6,2023-08-24,active,urban,No
+212067503402,Youssef Jebari D34A7,postpaid,3,2021-03-12,active,urban,No
+212672099869,Youssef Kabbaj 5495F,postpaid,3,2025-05-17,active,rural,Yes
+212276183220,Youssef Kettani C3806,postpaid,3,2022-11-13,active,urban,No
+212665615190,Youssef Lamrani 6C617,postpaid,2,2020-09-13,active,urban,No
+212935534539,Youssef Lamrani 938A5,postpaid,3,2024-11-17,active,urban,No
+212435302215,Youssef Mansouri 25DAB,postpaid,3,2021-12-01,active,rural,No
+212348392996,Youssef Naciri D5582,postpaid,1,2023-05-14,active,urban,No
+212331274141,Youssef Naciri ED214,postpaid,3,2025-03-25,active,rural,No
+212798647454,Youssef Ouali 63408,postpaid,3,2021-03-05,active,urban,Yes
+212867849258,Youssef Rhazi 2C4DA,postpaid,1,2024-10-20,active,urban,Yes
+212124383300,Youssef Squalli 75A63,postpaid,3,2023-04-17,active,urban,No
+212893428552,Youssef Squalli A130E,postpaid,2,2023-10-28,active,rural,No
+212874057350,Youssef Tazi 48973,postpaid,5,2022-03-06,active,urban,No
+212058913296,Youssef Tazi 983E0,postpaid,1,2024-10-24,active,rural,No
+212605049275,Youssef Tazi E5167,postpaid,1,2021-10-14,active,rural,No
+212383677500,Youssef Wahabi 00025,postpaid,2,2022-12-01,active,urban,Yes
+212685386471,Youssef Yacoubi 30007,postpaid,1,2024-02-04,active,urban,Yes
+212345416439,Youssef Ziani F20C1,postpaid,2,2021-10-20,active,urban,No
+212159394283,Zineb Amrani 006A8,postpaid,6,2020-09-02,suspended,urban,Yes
+212874249302,Zineb Amrani 911A3,postpaid,3,2025-04-25,active,rural,No
+212330416592,Zineb Amrani 913B4,postpaid,2,2025-05-13,active,rural,No
+212936267319,Zineb Berrada E48E5,postpaid,1,2020-07-24,active,rural,No
+212706771114,Zineb Cherkaoui DB195,postpaid,2,2022-05-18,active,urban,No
+212702042790,Zineb Douiri 4DF19,postpaid,1,2022-08-19,active,urban,No
+212048582342,Zineb Douiri F61AD,postpaid,4,2025-03-30,active,urban,No
+212988033870,Zineb El Alami 9D26B,postpaid,3,2022-08-16,active,urban,No
+212280540328,Zineb Hamdi 6309F,postpaid,1,2023-03-23,active,rural,No
+212609041279,Zineb Idrissi 2A730,postpaid,2,2021-11-13,active,urban,No
+212471636161,Zineb Idrissi C5D83,postpaid,3,2022-07-07,active,rural,No
+212762530646,Zineb Kabbaj 0843E,postpaid,3,2021-07-08,active,urban,No
+212183625614,Zineb Kabbaj 33AE2,postpaid,4,2021-05-12,active,urban,No
+212011886082,Zineb Kabbaj 7EAA4,postpaid,1,2021-03-14,active,urban,No
+212119779270,Zineb Kettani 1ADA8,postpaid,2,2023-04-26,active,rural,No
+212580049105,Zineb Lamrani 43BFE,postpaid,3,2021-10-09,active,rural,No
+212261232732,Zineb Lamrani 5AC32,postpaid,3,2025-02-24,active,urban,No
+212166158884,Zineb Lamrani 7AEF6,postpaid,2,2022-01-16,active,urban,No
+212609429095,Zineb Naciri B4E8F,postpaid,3,2025-05-07,active,urban,No
+212476535827,Zineb Naciri F8F9A,postpaid,2,2023-03-08,active,urban,Yes
+212856660171,Zineb Ouali CDA48,postpaid,3,2025-05-25,active,urban,No
+212642630112,Zineb Ouali E79A6,postpaid,5,2021-12-12,active,urban,No
+212610520804,Zineb Qadiri 1A924,postpaid,3,2024-05-11,active,urban,No
+212585760483,Zineb Qadiri 65C1B,postpaid,6,2024-09-10,active,urban,No
+212355373694,Zineb Rhazi 90041,postpaid,3,2021-02-04,active,rural,No
+212783304598,Zineb Rhazi 9638C,postpaid,3,2024-08-29,active,urban,No
+212452022269,Zineb Tazi 2C78C,postpaid,3,2022-06-26,active,rural,No
+212668044968,Zineb Tazi FA605,postpaid,5,2020-10-12,active,urban,No
+212488551516,Zineb Usmani 7ECB3,postpaid,3,2025-06-02,active,urban,No
+212575947716,Zineb Usmani 84646,postpaid,3,2022-03-04,active,urban,No
+212451875883,Zineb Wahabi 2AA08,postpaid,3,2021-01-16,active,rural,No
+212133847317,Zineb Wahabi CFB38,postpaid,2,2021-01-06,active,urban,No
+212150312567,Zineb Ziani 88F2D,postpaid,2,2022-01-20,active,urban,No
